{
  "dataset": {
    "total": 42,
    "benign": 20,
    "malicious": 22,
    "valid_ml_predictions": 42
  },
  "rule_based": {
    "threshold": 50,
    "accuracy": 0.5476190476190477,
    "precision": 0.5405405405405406,
    "recall": 0.9090909090909091,
    "f1_score": 0.6779661016949152,
    "false_positive_rate": 0.85,
    "false_negative_rate": 0.09090909090909091,
    "confusion_matrix": [
      [
        3,
        17
      ],
      [
        2,
        20
      ]
    ]
  },
  "machine_learning": {
    "accuracy": 0.7857142857142857,
    "precision": 0.782608695652174,
    "recall": 0.8181818181818182,
    "f1_score": 0.8,
    "false_positive_rate": 0.25,
    "false_negative_rate": 0.18181818181818182,
    "confusion_matrix": [
      [
        15,
        5
      ],
      [
        4,
        18
      ]
    ]
  },
  "comparison": {
    "accuracy_improvement": 0.23809523809523803,
    "fpr_reduction": 0.6,
    "ml_wins": 15,
    "rule_wins": 5
  }
}